Timestamp,Sensor,AccX,AccY,AccZ,GyrX,GyrY,GyrZ,MagX,MagY,MagZ,Temp
2026/04/15 16:13:06.00,IMU,44.43,18.07,-982.42,2.02,2.30,13.32,61.35,62.55,-90.45,26.9
2026/04/15 16:13:06.10,IMU,-15.63,56.15,-1029.79,0.29,-1.77,10.83,59.85,63.30,-90.90,27.3
2026/04/15 16:13:06.20,IMU,-38.09,53.22,-1027.83,2.61,1.68,10.06,59.70,62.40,-90.00,27.3
2026/04/15 16:13:06.30,IMU,-0.49,50.29,-1009.77,-0.39,-1.23,6.03,60.60,62.55,-90.90,27.0
2026/04/15 16:13:06.40,IMU,-14.16,72.27,-1014.16,1.92,2.71,5.35,59.70,61.20,-89.55,27.2
2026/04/15 16:13:06.50,IMU,-29.30,37.60,-1034.67,6.67,4.27,5.81,61.80,61.50,-92.70,27.1
2026/04/15 16:13:06.60,IMU,12.21,3.42,-1003.91,-5.55,-2.98,6.36,60.75,60.90,-91.05,27.2
2026/04/15 16:13:06.70,IMU,-4.88,82.03,-1016.11,-3.99,-3.62,7.53,61.05,61.80,-90.15,27.3
2026/04/15 16:13:06.80,IMU,-46.88,74.71,-1052.25,11.57,-1.07,6.31,60.30,61.80,-91.20,26.8
2026/04/15 16:13:06.90,IMU,-7.32,44.92,-1000.98,7.73,3.35,6.85,60.75,60.45,-91.05,27.2
2026/04/15 16:13:07.00,IMU,19.53,42.97,-1039.55,7.44,-3.27,1.85,60.75,60.90,-90.30,27.3
2026/04/15 16:13:07.10,IMU,-72.75,42.48,-1014.16,-5.65,-9.38,-15.80,61.50,61.20,-90.75,27.0
2026/04/15 16:13:07.20,IMU,-21.97,142.09,-996.09,-4.12,8.47,-18.43,59.85,61.05,-90.90,27.2
2026/04/15 16:13:07.30,IMU,-8.30,106.45,-1056.64,10.45,10.47,-22.53,58.95,61.20,-90.00,27.0
2026/04/15 16:13:07.40,IMU,-19.53,60.06,-1026.86,2.84,1.60,-15.69,59.55,61.05,-89.40,27.5
2026/04/15 16:13:07.51,IMU,29.30,40.53,-969.73,1.69,-5.30,-3.15,59.70,61.65,-89.55,27.0
2026/04/15 16:13:07.61,IMU,29.79,56.64,-1041.99,-3.95,-1.34,11.02,60.75,62.40,-90.00,27.2
2026/04/15 16:13:07.71,IMU,-39.06,54.20,-1023.44,-8.53,-4.59,12.60,61.20,61.95,-90.00,27.1
2026/04/15 16:13:07.81,IMU,-62.01,36.13,-1026.86,-3.66,-2.95,0.31,61.20,63.15,-89.25,27.5
2026/04/15 16:13:07.91,IMU,-54.69,56.15,-1013.67,-13.56,4.67,-8.23,61.80,63.75,-90.45,26.9
2026/04/15 16:13:08.01,IMU,34.67,142.58,-1018.07,-1.71,15.85,-5.01,60.75,64.65,-90.75,27.3
2026/04/15 16:13:08.11,IMU,31.74,12.70,-1022.46,12.00,5.92,5.90,60.75,62.40,-88.95,27.0
2026/04/15 16:13:08.21,IMU,-25.88,37.11,-1003.42,-7.10,-6.81,20.11,60.75,62.70,-89.55,27.2
2026/04/15 16:13:08.31,IMU,-22.95,131.35,-1039.55,0.08,-8.20,23.92,59.40,61.20,-89.55,27.2
2026/04/15 16:13:08.41,IMU,-46.39,51.27,-980.47,6.72,-1.95,17.90,61.35,61.80,-91.65,26.8
2026/04/15 16:13:08.51,IMU,-59.57,94.24,-1025.39,-10.89,8.79,1.18,60.45,61.65,-89.25,27.2
2026/04/15 16:13:08.61,IMU,-24.90,85.94,-1001.46,4.86,6.98,-4.56,60.60,61.50,-89.10,27.2
2026/04/15 16:13:08.71,IMU,-11.72,40.53,-987.30,-3.76,2.95,-8.44,61.20,61.20,-88.95,27.4
2026/04/15 16:13:08.81,IMU,40.53,139.65,-1032.23,-2.65,4.08,2.34,60.15,61.65,-89.55,27.3
2026/04/15 16:13:08.91,IMU,-30.27,47.85,-971.19,-1.23,-1.07,6.28,61.05,62.25,-89.40,27.1
2026/04/15 16:13:09.01,IMU,-23.93,121.58,-1032.23,-1.76,-4.78,12.20,61.20,61.20,-89.55,27.1
2026/04/15 16:13:09.11,IMU,-8.30,89.84,-1010.25,6.41,-4.76,6.40,61.35,61.05,-89.85,27.3
2026/04/15 16:13:09.21,IMU,-35.64,84.47,-998.05,1.99,4.44,-0.97,61.50,60.45,-90.00,27.5
2026/04/15 16:13:09.31,IMU,-40.04,141.60,-1037.60,4.14,-0.87,-10.24,61.05,59.55,-89.85,27.5
2026/04/15 16:13:09.41,IMU,-25.88,51.76,-987.79,7.35,3.53,-14.79,61.35,60.60,-88.35,27.0
2026/04/15 16:13:09.51,IMU,25.39,127.93,-1021.97,1.53,4.73,-13.29,61.35,61.05,-89.85,27.4
2026/04/15 16:13:09.61,IMU,-27.34,104.98,-996.58,-0.52,4.68,-7.40,60.45,60.90,-89.55,27.2
2026/04/15 16:13:09.71,IMU,0.00,104.98,-999.51,4.61,-4.04,3.72,58.80,61.80,-88.65,27.1
2026/04/15 16:13:09.81,IMU,-0.49,94.24,-1031.25,-2.91,-5.61,9.05,60.60,61.05,-89.10,27.3
2026/04/15 16:13:09.91,IMU,-10.25,159.18,-1010.74,1.47,-3.34,14.34,60.30,61.50,-90.15,27.5
2026/04/15 16:13:10.01,IMU,-70.31,90.33,-1003.42,6.54,-1.32,7.61,60.60,60.30,-90.45,27.3
2026/04/15 16:13:10.11,IMU,-56.15,100.10,-1011.23,-4.21,6.32,-0.57,62.25,60.15,-89.25,26.9
2026/04/15 16:13:10.21,IMU,-6.84,110.35,-1010.74,0.03,7.24,-0.27,60.75,60.90,-89.55,27.0
2026/04/15 16:13:10.31,IMU,-0.49,120.12,-1028.81,2.50,3.78,1.27,60.15,60.15,-87.75,27.1
2026/04/15 16:13:10.41,IMU,7.32,129.39,-1008.30,1.93,-3.67,6.17,61.05,59.55,-89.85,27.3
2026/04/15 16:13:10.51,IMU,-6.35,96.19,-1007.81,3.65,-3.18,8.77,61.35,59.10,-90.15,27.3
2026/04/15 16:13:10.61,IMU,-16.60,123.54,-996.58,0.03,-0.40,6.63,62.70,59.70,-90.00,27.5
2026/04/15 16:13:10.71,IMU,-24.41,109.86,-1016.11,1.43,1.44,5.31,61.50,60.90,-89.25,27.1
2026/04/15 16:13:10.81,IMU,-19.53,94.24,-1011.72,4.61,5.51,-4.69,61.20,60.45,-88.50,26.9
2026/04/15 16:13:10.91,IMU,-41.99,93.75,-1010.74,5.20,3.57,-11.37,61.95,60.15,-90.30,27.3
2026/04/15 16:13:11.02,IMU,-45.90,98.14,-1022.46,2.34,0.34,-13.21,60.75,58.95,-89.55,27.4
2026/04/15 16:13:11.12,IMU,-21.48,84.47,-1004.39,3.65,4.05,-9.65,57.75,58.80,-87.60,27.3
2026/04/15 16:13:11.22,IMU,-6.84,100.10,-1017.09,-1.18,3.27,-7.57,61.20,58.50,-88.95,27.3
2026/04/15 16:13:11.32,IMU,-12.21,99.12,-1017.58,2.34,0.31,-3.17,59.85,60.30,-89.40,26.9
2026/04/15 16:13:11.42,IMU,-20.02,100.59,-1014.65,2.62,0.51,3.38,61.20,60.45,-90.30,27.3
2026/04/15 16:13:11.52,IMU,-12.70,83.50,-1004.88,1.66,-3.07,3.05,60.30,58.80,-88.35,27.2
2026/04/15 16:13:11.62,IMU,-25.88,100.10,-1000.98,1.75,2.42,3.83,61.05,60.30,-90.15,27.5
2026/04/15 16:13:11.72,IMU,-35.64,100.59,-1010.74,2.83,-0.15,-0.64,60.60,60.30,-89.40,27.1
2026/04/15 16:13:11.82,IMU,-19.53,95.70,-1013.18,6.64,3.32,-3.86,60.30,59.85,-90.15,27.2
2026/04/15 16:13:11.92,IMU,-13.18,94.24,-1005.86,4.33,0.76,1.10,61.20,60.45,-88.95,27.3
2026/04/15 16:13:12.02,IMU,-6.84,76.66,-994.14,0.65,1.36,3.82,61.95,60.15,-89.25,27.3
2026/04/15 16:13:12.12,IMU,-1.95,103.52,-1000.49,2.27,-1.76,6.45,57.15,58.95,-84.15,27.3
2026/04/15 16:13:12.22,IMU,-16.60,106.93,-1025.88,0.05,-2.79,6.76,60.60,60.30,-89.85,27.2
2026/04/15 16:13:12.32,IMU,-19.53,77.64,-996.58,1.85,0.61,4.20,59.55,59.85,-89.85,27.4
2026/04/15 16:13:12.42,IMU,0.49,112.30,-1024.90,-2.24,-0.02,-2.29,59.55,59.85,-88.65,27.3
2026/04/15 16:13:12.52,IMU,-8.79,59.57,-1000.98,-2.42,6.18,-2.27,60.45,60.15,-89.25,27.2
2026/04/15 16:13:12.62,IMU,-22.46,106.93,-1013.67,5.06,2.89,-2.32,60.45,60.90,-89.55,27.2
2026/04/15 16:13:12.72,IMU,-20.02,66.41,-999.02,1.41,1.08,-1.92,58.20,61.20,-89.25,27.3
2026/04/15 16:13:12.82,IMU,-35.64,-166.02,-985.84,-19.32,-3.21,-2.61,60.30,61.50,-88.65,27.3
2026/04/15 16:13:12.92,IMU,-192.87,81.54,-955.08,-85.20,3.46,1.70,64.65,63.30,-85.05,27.0
2026/04/15 16:13:13.02,IMU,-3.42,398.44,-1047.36,46.66,-0.36,-0.35,59.55,53.10,-89.40,27.3
2026/04/15 16:13:13.12,IMU,-58.11,-91.31,-1131.35,78.50,-2.15,-2.09,60.75,28.80,-86.70,27.0
2026/04/15 16:13:13.22,IMU,-16.60,-296.39,-961.43,-63.55,28.02,4.94,66.75,34.95,-90.75,27.2
2026/04/15 16:13:13.32,IMU,-215.33,706.54,-448.24,-81.15,101.39,5.76,62.55,43.50,-88.05,27.0
2026/04/15 16:13:13.42,IMU,-4.39,316.41,-1011.72,79.40,-5.62,-3.52,67.05,28.35,-89.55,27.2
2026/04/15 16:13:13.52,IMU,-25.39,-191.41,-1008.30,44.42,-52.78,-5.63,68.55,22.65,-88.20,27.3
2026/04/15 16:13:13.62,IMU,-141.60,-49.32,-759.28,-38.85,1.96,-0.56,68.55,26.85,-88.50,27.0
2026/04/15 16:13:13.72,IMU,44.43,330.57,-1203.61,29.55,-8.36,6.56,66.60,25.50,-87.30,27.1
2026/04/15 16:13:13.82,IMU,-43.46,-42.97,-837.40,75.74,-4.20,1.95,67.80,20.40,-88.50,27.3
2026/04/15 16:13:13.92,IMU,-204.59,349.61,-237.30,-5.73,8.50,-0.07,68.70,19.80,-88.05,27.1
2026/04/15 16:13:14.02,IMU,-111.33,126.95,-993.65,-59.82,73.66,0.65,67.95,23.25,-88.65,26.9
2026/04/15 16:13:14.13,IMU,-49.80,222.66,-998.05,50.32,-4.87,0.14,64.20,16.20,-83.85,27.1
2026/04/15 16:13:14.23,IMU,-84.47,-118.16,-1037.60,40.55,-29.93,-2.77,69.45,17.55,-86.85,27.3
2026/04/15 16:13:14.33,IMU,-88.87,-158.69,-952.15,-28.08,5.97,4.85,70.20,21.75,-88.35,27.2
2026/04/15 16:13:14.43,IMU,82.03,250.00,-1869.63,0.95,-6.48,2.91,66.75,22.65,-87.75,27.0
2026/04/15 16:13:14.53,IMU,-26.37,138.67,-1106.45,45.66,-6.16,-2.39,66.75,19.65,-87.15,27.1
2026/04/15 16:13:14.63,IMU,-12.70,-180.66,-889.16,7.74,-30.66,-3.05,67.05,17.25,-88.20,27.1
2026/04/15 16:13:14.73,IMU,-141.11,51.76,-1019.04,-56.86,36.55,3.56,69.15,20.55,-85.80,27.0
2026/04/15 16:13:14.83,IMU,-23.44,325.68,-1113.28,2.75,7.54,-0.95,67.50,23.10,-87.45,27.3
2026/04/15 16:13:14.93,IMU,-46.39,-37.11,-944.34,45.27,7.48,-0.45,67.20,21.30,-89.10,27.0
2026/04/15 16:13:15.03,IMU,-48.34,-165.04,-966.80,-17.12,-49.16,-3.99,67.50,19.95,-87.15,27.2
2026/04/15 16:13:15.13,IMU,-71.78,122.07,-955.57,-87.19,92.44,1.02,67.20,24.75,-85.80,27.0
2026/04/15 16:13:15.23,IMU,-21.97,172.36,-1086.43,15.29,-2.98,-2.88,67.05,24.90,-86.40,27.0
2026/04/15 16:13:15.33,IMU,-26.86,-153.32,-980.96,4.15,-16.88,-1.56,67.20,24.45,-86.85,27.1
2026/04/15 16:13:15.43,IMU,-178.22,94.24,-799.80,-48.66,5.35,4.21,69.30,24.60,-84.60,27.1
2026/04/15 16:13:15.53,IMU,64.45,303.71,-1175.78,-22.53,-5.34,-5.63,66.75,28.35,-85.65,27.0
2026/04/15 16:13:15.63,IMU,-34.18,51.27,-1004.88,26.18,-2.20,-1.92,67.65,29.40,-84.75,27.0
2026/04/15 16:13:15.73,IMU,-40.53,-152.34,-984.86,6.79,-9.92,-3.36,65.55,24.90,-84.90,27.1
2026/04/15 16:13:15.83,IMU,-97.17,77.64,-927.73,-61.79,47.31,-3.57,69.15,28.65,-83.25,27.1
2026/04/15 16:13:15.93,IMU,42.48,255.86,-1101.07,12.70,-5.15,-4.28,65.40,28.95,-84.75,27.3
2026/04/15 16:13:16.03,IMU,-46.39,12.70,-1007.81,34.21,-6.82,-2.11,68.40,27.75,-85.80,26.9
2026/04/15 16:13:16.13,IMU,-45.90,-139.16,-914.06,5.19,-46.38,-3.67,69.30,27.30,-85.35,27.1
2026/04/15 16:13:16.23,IMU,553.71,232.42,-2000.00,-40.56,25.93,-1.48,68.25,29.85,-84.60,27.1
2026/04/15 16:13:16.33,IMU,17.09,210.45,-1051.27,34.26,-6.35,0.40,67.65,28.65,-85.05,27.1
2026/04/15 16:13:16.43,IMU,45.41,-150.39,-749.51,41.52,-9.62,-2.22,67.80,27.60,-85.95,26.8
2026/04/15 16:13:16.53,IMU,-219.73,-105.96,-922.85,-37.04,-2.64,1.86,69.30,27.30,-84.90,27.2
2026/04/15 16:13:16.63,IMU,-21.00,327.64,-1156.25,3.18,5.65,0.52,67.80,28.05,-85.05,26.9
2026/04/15 16:13:16.74,IMU,-19.04,51.27,-1002.44,53.00,-2.98,-0.13,66.60,25.20,-85.50,27.1
2026/04/15 16:13:16.84,IMU,-82.52,-102.54,-1047.85,23.34,-23.47,-0.46,66.60,25.20,-85.80,27.0
2026/04/15 16:13:16.94,IMU,-113.28,74.71,-1004.88,-27.70,30.05,0.03,69.15,25.95,-84.75,27.1
2026/04/15 16:13:17.04,IMU,-5.86,238.77,-1120.12,29.92,1.22,2.42,66.90,24.75,-85.50,27.0
2026/04/15 16:13:17.14,IMU,-40.04,-29.79,-962.89,51.89,1.13,-0.87,67.80,21.90,-85.65,27.3
2026/04/15 16:13:17.24,IMU,-79.10,-102.05,-978.03,-5.36,-15.30,-2.64,68.85,21.15,-87.15,26.8
2026/04/15 16:13:17.34,IMU,-61.52,294.43,-1186.04,-7.96,-11.20,-7.49,66.90,21.75,-86.25,27.0
2026/04/15 16:13:17.44,IMU,-16.11,155.76,-1050.78,38.62,-2.49,1.38,65.40,22.50,-86.85,27.2
2026/04/15 16:13:17.54,IMU,-57.62,-114.75,-964.84,19.61,-8.11,0.63,67.05,18.45,-87.15,27.0
2026/04/15 16:13:17.64,IMU,-65.43,-45.41,-905.27,-22.94,-10.00,-1.53,66.90,20.10,-85.05,27.0
2026/04/15 16:13:17.74,IMU,14.16,255.37,-984.38,-3.52,-3.00,-2.80,65.55,21.45,-85.65,27.2
2026/04/15 16:13:17.84,IMU,-21.97,42.48,-992.68,26.45,-7.52,-0.82,65.85,21.75,-87.30,27.2
2026/04/15 16:13:17.94,IMU,-29.79,-131.84,-916.99,5.70,-12.48,-2.63,66.90,19.80,-87.60,27.2
2026/04/15 16:13:18.04,IMU,-112.79,49.80,-983.40,-53.16,27.78,-0.13,67.50,21.90,-85.65,27.2
2026/04/15 16:13:18.14,IMU,30.27,229.00,-1065.43,0.71,-4.95,-2.40,66.30,22.65,-86.40,26.8
2026/04/15 16:13:18.24,IMU,-47.85,-37.11,-990.72,21.09,-1.59,-1.60,67.80,23.10,-86.70,27.1
2026/04/15 16:13:18.34,IMU,-65.43,-86.43,-999.51,-27.71,-19.39,-1.43,67.05,23.85,-85.65,27.0
2026/04/15 16:13:18.44,IMU,316.41,95.70,-1041.02,-28.44,18.98,-4.72,66.60,25.95,-85.80,27.0
2026/04/15 16:13:18.54,IMU,10.25,152.34,-1068.36,10.40,-5.98,-0.72,67.80,26.55,-84.90,26.9
2026/04/15 16:13:18.64,IMU,-46.88,-107.42,-957.03,-4.40,-11.44,-2.02,66.90,24.75,-85.05,27.1
2026/04/15 16:13:18.74,IMU,-76.17,-1.46,-954.59,-44.77,9.09,-3.40,67.80,27.60,-84.60,26.9
2026/04/15 16:13:18.84,IMU,19.53,243.16,-1077.15,-13.06,1.29,-2.04,66.00,30.75,-83.55,27.1
2026/04/15 16:13:18.94,IMU,-10.25,59.08,-1000.98,20.27,-6.05,-1.04,66.00,29.85,-84.90,26.8
2026/04/15 16:13:19.04,IMU,-40.04,-104.00,-941.41,-13.56,0.29,-4.08,67.20,28.20,-86.25,26.7
2026/04/15 16:13:19.14,IMU,-15.63,129.39,-1027.83,-31.80,4.88,-3.74,65.85,29.40,-84.45,27.5
2026/04/15 16:13:19.24,IMU,-7.81,202.15,-1068.36,10.62,-1.14,0.68,66.00,33.00,-84.15,26.9
2026/04/15 16:13:19.34,IMU,-14.16,-26.86,-941.41,27.85,-2.11,-1.40,67.20,30.15,-84.75,27.1
2026/04/15 16:13:19.44,IMU,-60.55,-49.80,-954.10,-19.28,10.37,-2.58,67.95,29.40,-83.25,27.0
2026/04/15 16:13:19.54,IMU,-4.88,191.41,-1065.43,-9.21,3.82,-2.94,66.00,30.75,-84.60,26.8
2026/04/15 16:13:19.64,IMU,-8.79,153.32,-1028.32,34.76,-3.47,0.03,67.05,29.10,-83.10,27.0
2026/04/15 16:13:19.74,IMU,-54.69,-75.68,-948.73,23.54,-3.44,-0.42,66.30,29.85,-83.55,27.1
2026/04/15 16:13:19.84,IMU,-77.15,17.58,-993.65,-15.41,6.39,-1.71,66.75,29.10,-83.85,27.0
2026/04/15 16:13:19.94,IMU,26.86,217.77,-1090.82,14.50,1.18,-0.94,66.00,30.30,-84.60,27.0
2026/04/15 16:13:20.04,IMU,-25.88,57.13,-1022.95,43.60,-1.32,0.45,66.90,28.95,-84.75,27.2
2026/04/15 16:13:20.14,IMU,-62.99,-91.80,-971.19,12.64,0.78,-2.11,66.15,26.25,-85.05,27.0
2026/04/15 16:13:20.24,IMU,27.34,132.81,-1146.97,-8.67,12.25,-0.14,63.60,25.20,-82.20,27.2
2026/04/15 16:13:20.34,IMU,5.86,177.25,-1073.24,30.50,-1.28,-2.21,65.55,27.60,-85.35,26.8
2026/04/15 16:13:20.44,IMU,-36.13,-57.62,-969.73,37.95,-5.95,2.31,66.00,23.85,-86.40,27.1
2026/04/15 16:13:20.55,IMU,-66.89,-56.64,-957.52,-6.67,1.21,-1.24,67.05,23.10,-85.65,27.1
2026/04/15 16:13:20.65,IMU,24.41,169.92,-1077.64,-2.30,5.53,-1.87,66.60,24.75,-84.75,26.9
2026/04/15 16:13:20.75,IMU,-1.46,105.47,-1036.62,32.67,-1.65,-0.80,66.00,23.85,-85.95,26.8
2026/04/15 16:13:20.85,IMU,-52.25,-87.89,-951.66,10.52,1.03,-1.64,66.00,22.65,-86.40,27.1
2026/04/15 16:13:20.95,IMU,-21.00,39.06,-978.52,-28.55,3.21,-2.55,65.25,21.45,-84.90,27.0
2026/04/15 16:13:21.05,IMU,11.23,186.04,-1069.82,0.27,1.76,-1.95,66.15,24.00,-86.55,26.7
2026/04/15 16:13:21.15,IMU,-8.30,26.37,-1010.74,24.77,-3.01,1.45,65.25,22.65,-86.40,26.8
2026/04/15 16:13:21.25,IMU,-42.48,-110.35,-930.66,-12.88,-0.95,-1.86,62.85,19.05,-82.95,27.0
2026/04/15 16:13:21.35,IMU,-18.55,105.47,-1046.39,-31.83,3.44,-1.61,64.80,24.90,-87.15,27.1
2026/04/15 16:13:21.45,IMU,7.32,181.15,-1074.22,3.57,-2.26,-0.29,65.25,26.55,-87.15,27.0
2026/04/15 16:13:21.55,IMU,-33.69,-46.88,-977.54,9.12,-1.76,-0.92,65.40,24.45,-84.75,27.0
2026/04/15 16:13:21.65,IMU,-21.00,-40.04,-982.42,-34.95,3.81,-4.03,66.75,24.15,-84.90,26.8
2026/04/15 16:13:21.75,IMU,19.53,187.99,-1094.24,-27.87,2.31,-4.89,65.25,28.05,-85.35,27.0
2026/04/15 16:13:21.85,IMU,-20.51,112.30,-1048.34,11.24,-3.66,-1.46,66.00,30.30,-84.60,26.8
2026/04/15 16:13:21.95,IMU,-64.94,-86.91,-978.03,-9.53,-1.12,-3.20,67.65,28.65,-84.75,26.7
2026/04/15 16:13:22.05,IMU,1.95,65.43,-1023.93,-39.16,4.40,-0.68,66.30,29.55,-85.35,27.1
2026/04/15 16:13:22.15,IMU,15.14,197.27,-1082.03,-8.33,-3.73,-0.75,66.30,32.55,-83.10,27.0
2026/04/15 16:13:22.25,IMU,-17.09,41.02,-1009.77,17.26,-6.73,-1.13,66.00,28.05,-81.30,27.0
2026/04/15 16:13:22.35,IMU,-48.34,-79.59,-948.73,-16.61,3.95,-1.67,66.90,31.65,-84.45,26.9
2026/04/15 16:13:22.45,IMU,-9.77,129.88,-1033.69,-26.24,3.68,-3.26,67.20,33.15,-82.95,26.9
2026/04/15 16:13:22.55,IMU,11.72,171.88,-1057.13,15.25,-1.66,-0.31,66.30,33.75,-81.30,26.9
2026/04/15 16:13:22.65,IMU,-21.97,-35.16,-944.82,21.43,-3.08,-2.47,67.65,30.45,-84.00,26.7
2026/04/15 16:13:22.75,IMU,-38.57,-25.39,-977.54,-17.87,5.40,-1.82,66.90,31.20,-84.00,27.0
2026/04/15 16:13:22.85,IMU,-0.49,181.15,-1063.96,-2.53,2.61,1.02,66.90,32.40,-82.20,26.9
2026/04/15 16:13:22.95,IMU,-10.74,105.96,-1026.86,33.63,-1.29,-0.33,65.25,31.80,-83.85,27.0
2026/04/15 16:13:23.05,IMU,-51.76,-81.54,-978.03,19.56,2.31,-2.42,67.65,30.15,-85.05,27.0
2026/04/15 16:13:23.15,IMU,-19.04,43.46,-1018.07,-11.62,5.53,-0.60,68.55,30.75,-84.15,26.7
2026/04/15 16:13:23.26,IMU,4.39,191.89,-1093.75,22.98,1.18,-4.38,65.25,30.30,-83.55,26.8
2026/04/15 16:13:23.36,IMU,-31.74,13.67,-1054.69,39.31,2.01,0.24,66.15,30.15,-85.05,26.8
2026/04/15 16:13:23.46,IMU,-38.09,-60.55,-963.38,2.66,5.08,-0.67,67.80,27.60,-84.90,26.9
2026/04/15 16:13:23.56,IMU,-3.42,148.44,-1063.48,-0.33,5.28,-1.30,65.40,29.70,-84.75,26.8
2026/04/15 16:13:23.66,IMU,-3.91,118.65,-1059.57,34.15,1.40,0.27,66.75,27.30,-85.65,27.0
2026/04/15 16:13:23.76,IMU,-39.06,-75.68,-946.29,24.75,2.55,0.47,65.55,25.65,-86.40,26.9
2026/04/15 16:13:23.86,IMU,-23.44,2.44,-985.35,-12.00,6.84,-0.19,65.40,24.45,-85.05,26.9
2026/04/15 16:13:23.96,IMU,13.18,176.76,-1071.78,6.47,3.28,-0.92,66.00,26.55,-85.35,26.9
2026/04/15 16:13:24.06,IMU,-7.81,56.15,-1008.30,29.79,-0.32,0.24,65.85,24.45,-86.25,26.7
2026/04/15 16:13:24.16,IMU,-52.73,-89.84,-937.01,2.49,4.35,2.05,65.85,23.25,-85.80,26.5
2026/04/15 16:13:24.26,IMU,-16.60,69.82,-1000.49,-23.86,3.35,-2.32,66.75,23.85,-84.90,27.0
2026/04/15 16:13:24.36,IMU,5.86,168.46,-1068.36,5.63,0.24,0.19,64.80,25.65,-85.35,26.7
2026/04/15 16:13:24.46,IMU,-23.93,-14.65,-977.05,17.75,-2.97,0.71,65.55,26.10,-85.65,27.0
2026/04/15 16:13:24.57,IMU,-59.08,-69.34,-952.15,-22.49,4.62,-1.00,65.25,23.85,-87.45,26.9
2026/04/15 16:13:24.67,IMU,4.88,132.32,-1055.18,-25.26,6.54,-2.24,65.25,24.60,-85.65,26.8
2026/04/15 16:13:24.77,IMU,10.25,128.42,-1060.55,3.46,-4.57,-0.24,66.90,27.75,-86.25,26.5
2026/04/15 16:13:24.87,IMU,-36.62,-68.36,-961.91,0.36,-6.61,-1.08,66.00,26.10,-84.15,26.8
2026/04/15 16:13:24.97,IMU,-42.48,16.11,-1004.39,-34.98,2.79,-2.21,66.90,27.75,-85.80,26.9
2026/04/15 16:13:25.07,IMU,0.49,187.99,-1097.17,-18.60,-1.15,-4.53,66.00,31.05,-84.90,27.0
2026/04/15 16:13:25.17,IMU,-15.63,67.87,-1016.11,8.63,-5.19,-0.92,65.10,31.95,-84.45,26.8
2026/04/15 16:13:25.27,IMU,-41.02,-62.01,-986.33,-14.20,-0.54,-1.28,66.90,30.15,-85.80,26.7
2026/04/15 16:13:25.37,IMU,-8.79,97.17,-1039.06,-33.74,3.92,-2.22,66.15,31.20,-84.75,26.8
2026/04/15 16:13:25.47,IMU,7.81,180.66,-1069.34,-0.86,-3.21,-2.97,66.00,32.55,-84.15,27.0
2026/04/15 16:13:25.57,IMU,-39.55,3.42,-1010.25,12.86,-3.31,-0.11,67.65,31.65,-83.70,26.8
2026/04/15 16:13:25.67,IMU,-51.27,-44.92,-959.47,-19.72,0.04,-1.90,66.15,30.90,-83.70,26.8
2026/04/15 16:13:25.77,IMU,-10.74,155.76,-1049.32,-18.27,1.71,-2.26,66.90,33.15,-82.95,26.8
2026/04/15 16:13:25.87,IMU,-0.98,142.09,-1036.13,18.07,-2.11,1.79,66.30,33.30,-83.55,27.1
2026/04/15 16:13:25.97,IMU,-48.34,-54.20,-948.24,14.66,-2.15,0.68,66.90,31.65,-83.70,26.7
2026/04/15 16:13:26.07,IMU,-26.37,26.86,-995.12,-15.96,4.73,-0.79,67.65,31.95,-83.70,26.9
2026/04/15 16:13:26.17,IMU,-0.49,180.18,-1064.94,4.39,2.66,0.48,66.30,33.30,-83.10,26.8
2026/04/15 16:13:26.27,IMU,-21.00,79.59,-1023.44,34.11,-0.89,-2.31,69.30,32.55,-84.15,26.8
2026/04/15 16:13:26.37,IMU,-36.13,-66.89,-981.45,10.53,6.28,1.94,66.90,30.45,-83.70,26.9
2026/04/15 16:13:26.47,IMU,2.93,94.24,-1034.67,-6.19,9.17,0.87,65.55,31.50,-84.15,26.8
2026/04/15 16:13:26.57,IMU,8.30,180.18,-1077.64,24.53,3.96,1.58,66.15,31.20,-84.00,26.7
2026/04/15 16:13:26.67,IMU,-31.74,-8.79,-1028.81,34.71,1.88,1.21,66.30,29.85,-85.65,27.0
2026/04/15 16:13:26.77,IMU,-38.57,-48.34,-978.52,0.39,5.51,0.40,66.15,27.75,-85.50,26.7
2026/04/15 16:13:26.87,IMU,1.95,136.23,-1067.38,3.15,7.43,0.01,66.30,28.35,-84.90,26.7
2026/04/15 16:13:26.97,IMU,17.58,105.96,-1042.97,28.74,0.82,1.42,66.90,27.45,-86.25,26.8
2026/04/15 16:13:27.07,IMU,-37.11,-57.13,-966.80,20.35,0.62,2.41,63.60,25.50,-85.80,26.7
2026/04/15 16:13:27.17,IMU,-33.69,15.14,-991.70,-9.92,6.09,0.63,64.50,24.90,-86.40,26.8
2026/04/15 16:13:27.27,IMU,8.79,154.79,-1058.11,6.08,0.12,0.60,65.25,26.10,-86.70,26.8
2026/04/15 16:13:27.37,IMU,-8.79,47.36,-1008.79,23.53,-1.02,2.31,66.90,24.75,-85.50,26.7
2026/04/15 16:13:27.47,IMU,-42.48,-71.78,-954.10,-0.55,1.08,0.11,65.40,23.25,-86.55,26.8
2026/04/15 16:13:27.57,IMU,-0.49,82.52,-1024.41,-17.67,5.82,2.52,64.65,25.50,-86.55,27.0
2026/04/15 16:13:27.67,IMU,2.93,156.74,-1048.83,5.68,1.24,-1.89,65.55,24.90,-85.35,26.9
2026/04/15 16:13:27.77,IMU,-28.32,-19.53,-976.56,13.16,-0.63,2.22,66.00,26.10,-85.65,26.6
2026/04/15 16:13:27.87,IMU,-31.25,-28.32,-962.40,-22.93,2.66,-0.47,65.55,24.90,-87.15,26.9
2026/04/15 16:13:27.97,IMU,3.42,138.67,-1057.13,-24.24,1.69,-0.73,64.35,27.00,-85.05,26.9
2026/04/15 16:13:28.07,IMU,-2.93,93.75,-1048.83,3.56,-2.05,2.40,66.75,26.10,-85.35,26.8
2026/04/15 16:13:28.17,IMU,-34.67,-58.11,-973.14,-6.92,-4.15,0.66,66.75,26.55,-85.65,26.9
2026/04/15 16:13:28.27,IMU,-22.95,34.67,-1031.25,-33.93,5.27,0.71,65.55,29.10,-85.95,26.8
2026/04/15 16:13:28.38,IMU,9.28,165.53,-1094.24,-15.61,-2.90,-0.63,65.85,30.15,-83.70,27.0
2026/04/15 16:13:28.48,IMU,-21.48,45.41,-1000.98,6.74,-7.59,1.61,67.95,29.70,-82.95,27.0
2026/04/15 16:13:28.58,IMU,-44.92,-42.48,-988.28,-16.96,2.34,0.97,66.90,29.70,-84.00,26.5
2026/04/15 16:13:28.68,IMU,0.49,98.14,-1025.88,-28.21,3.24,1.39,66.15,31.20,-84.00,26.7
2026/04/15 16:13:28.78,IMU,3.42,139.16,-1056.15,0.34,-3.38,0.24,65.55,33.00,-82.80,26.7
2026/04/15 16:13:28.88,IMU,-28.81,-5.37,-992.68,11.08,-2.31,3.07,67.65,30.15,-83.70,26.8
2026/04/15 16:13:28.98,IMU,-37.60,-2.44,-965.82,-19.05,4.02,1.92,66.60,31.95,-85.50,26.9
2026/04/15 16:13:29.08,IMU,-11.72,147.46,-1040.04,-12.47,4.63,0.47,66.15,32.40,-82.95,26.8
2026/04/15 16:13:29.18,IMU,-8.79,117.19,-1033.69,20.35,-5.63,3.25,66.75,32.55,-84.60,26.8
2026/04/15 16:13:29.28,IMU,-35.16,-39.55,-965.82,11.25,-3.08,-1.52,67.05,30.75,-83.55,26.8
2026/04/15 16:13:29.38,IMU,-36.13,43.95,-1009.77,-12.18,1.50,3.37,64.20,32.25,-81.30,27.0
2026/04/15 16:13:29.48,IMU,2.44,172.85,-1062.99,9.05,2.76,3.44,66.60,33.15,-84.45,26.8
2026/04/15 16:13:29.58,IMU,-18.07,51.76,-1000.98,31.88,-0.44,-0.56,67.50,31.05,-84.15,26.7
2026/04/15 16:13:29.68,IMU,-24.90,-32.71,-1002.44,8.85,3.06,2.26,66.60,28.95,-84.75,26.8
2026/04/15 16:13:29.78,IMU,-6.35,105.96,-1036.62,-3.06,3.60,1.24,66.60,29.70,-85.50,26.8
2026/04/15 16:13:29.88,IMU,3.91,148.93,-1050.78,24.43,0.11,1.07,66.75,30.30,-84.60,26.7
2026/04/15 16:13:29.98,IMU,-35.16,-8.79,-1026.86,30.75,0.23,2.95,66.15,27.45,-85.05,26.5
2026/04/15 16:13:30.08,IMU,-27.34,-15.63,-982.42,-0.97,6.66,-0.73,65.55,27.60,-86.40,26.8
2026/04/15 16:13:30.18,IMU,0.00,121.09,-1058.11,5.15,3.82,2.35,65.85,27.45,-85.80,26.7
2026/04/15 16:13:30.28,IMU,-20.51,95.70,-1043.95,31.32,0.89,2.63,66.90,25.95,-84.75,26.4
2026/04/15 16:13:30.38,IMU,-55.18,-57.62,-973.63,14.83,0.49,1.53,63.60,24.00,-82.95,26.8
2026/04/15 16:13:30.48,IMU,-18.55,37.60,-1004.39,-10.72,7.53,0.86,66.60,25.20,-86.25,26.9
2026/04/15 16:13:30.58,IMU,11.23,157.23,-1061.52,7.24,3.02,1.86,66.00,25.35,-86.40,26.8
2026/04/15 16:13:30.68,IMU,-21.48,31.25,-1001.95,19.17,-0.37,2.40,65.25,23.40,-86.70,26.8
2026/04/15 16:13:30.78,IMU,-52.25,-62.50,-954.10,-4.79,6.08,4.05,66.15,23.25,-85.50,26.8
2026/04/15 16:13:30.88,IMU,-6.35,80.08,-1018.07,-16.07,3.39,1.98,66.15,24.00,-85.50,26.7
2026/04/15 16:13:30.98,IMU,3.42,117.68,-1044.43,5.53,-1.45,2.15,66.60,23.55,-86.25,26.6
2026/04/15 16:13:31.08,IMU,-16.60,-34.18,-970.70,7.21,-2.15,0.42,67.05,23.40,-86.70,26.8
2026/04/15 16:13:31.18,IMU,-33.20,-9.77,-1000.49,-22.53,2.78,1.56,66.30,24.90,-85.35,26.8
2026/04/15 16:13:31.28,IMU,0.98,133.79,-1061.04,-19.47,2.60,1.33,66.30,25.65,-87.75,26.7
2026/04/15 16:13:31.38,IMU,-7.32,92.29,-1037.60,4.89,-2.36,1.60,66.60,25.50,-85.50,26.7
2026/04/15 16:13:31.48,IMU,-36.62,-53.22,-991.21,-8.09,-2.67,-0.03,65.25,26.10,-85.95,26.7
2026/04/15 16:13:31.58,IMU,-10.25,47.36,-1025.88,-31.68,2.83,0.02,67.20,27.00,-85.50,26.4
2026/04/15 16:13:31.68,IMU,1.95,166.50,-1091.31,-11.41,-0.40,-0.18,66.00,28.05,-84.90,26.8
2026/04/15 16:13:31.78,IMU,-23.93,35.16,-1020.51,4.44,-4.09,0.46,65.85,29.40,-85.05,26.6
2026/04/15 16:13:31.88,IMU,-25.39,-20.02,-995.61,-17.15,0.10,1.27,66.30,28.35,-85.35,26.7
2026/04/15 16:13:31.98,IMU,-1.46,113.77,-1040.53,-22.04,2.57,0.42,66.30,28.80,-83.85,26.7
2026/04/15 16:13:32.08,IMU,-15.63,142.09,-1047.85,2.61,-2.06,2.40,66.60,31.20,-82.65,26.7
2026/04/15 16:13:32.18,IMU,-34.18,9.28,-985.84,9.11,-1.10,2.98,67.50,28.80,-83.10,26.4
2026/04/15 16:13:32.28,IMU,-18.55,16.11,-990.23,-17.27,2.82,1.31,65.55,29.55,-84.90,26.8
2026/04/15 16:13:32.39,IMU,9.77,143.07,-1044.92,-4.37,1.82,1.75,67.50,31.05,-83.55,26.7
2026/04/15 16:13:32.49,IMU,-17.09,88.38,-1012.21,21.05,-3.18,1.12,67.80,31.80,-83.55,26.6
2026/04/15 16:13:32.59,IMU,-44.43,-30.27,-979.49,8.66,-0.32,1.85,67.50,29.85,-83.55,26.5
2026/04/15 16:13:32.69,IMU,-13.67,65.92,-1008.79,-8.53,3.85,1.03,66.60,29.40,-84.45,26.5
2026/04/15 16:13:32.79,IMU,-1.46,148.93,-1053.22,15.29,2.79,1.21,65.55,31.05,-84.90,26.8
2026/04/15 16:13:32.89,IMU,-37.60,30.27,-1004.39,29.90,-3.08,4.64,66.75,29.55,-83.55,26.6
2026/04/15 16:13:32.99,IMU,-55.18,-17.09,-988.77,7.08,2.15,2.42,66.60,29.70,-84.45,26.6
2026/04/15 16:13:33.09,IMU,-2.93,121.58,-1050.78,2.73,4.76,-0.11,65.40,28.65,-84.45,26.7
2026/04/15 16:13:33.19,IMU,-5.37,118.16,-1048.83,28.95,2.41,3.56,67.65,27.75,-84.75,26.5
2026/04/15 16:13:33.30,IMU,-27.83,-23.93,-1004.39,27.16,2.12,4.31,67.95,24.75,-86.55,26.5
2026/04/15 16:13:33.40,IMU,-12.21,16.11,-1018.07,-2.92,4.47,1.69,66.90,26.25,-85.50,26.8
2026/04/15 16:13:33.50,IMU,-1.95,139.16,-1072.75,11.27,5.88,3.02,67.80,25.35,-84.90,26.4
2026/04/15 16:13:33.60,IMU,-16.60,57.13,-1025.88,28.31,2.39,4.01,67.20,24.75,-85.05,26.8
2026/04/15 16:13:33.70,IMU,-25.88,-40.53,-978.03,8.94,0.64,1.88,66.60,22.50,-87.60,26.9
2026/04/15 16:13:33.80,IMU,-32.23,60.55,-990.72,-8.38,2.45,2.31,66.15,22.50,-86.55,26.8
2026/04/15 16:13:33.90,IMU,-8.30,131.84,-1045.41,11.30,4.35,2.47,65.85,22.50,-87.30,26.4
2026/04/15 16:13:34.00,IMU,-21.97,-0.49,-1008.79,16.81,-0.56,1.15,66.30,22.20,-86.70,26.7
2026/04/15 16:13:34.10,IMU,-34.18,-30.27,-954.59,-11.84,5.64,-2.41,66.00,20.40,-85.95,26.6
2026/04/15 16:13:34.20,IMU,-13.67,99.61,-1019.04,-15.56,3.94,0.15,66.15,22.50,-85.80,26.5
2026/04/15 16:13:34.30,IMU,-4.39,101.07,-1041.02,7.97,-1.48,1.48,66.30,23.10,-85.95,26.6
2026/04/15 16:13:34.40,IMU,-27.83,-26.86,-951.17,1.74,-0.60,2.40,66.30,21.45,-86.70,26.5
2026/04/15 16:13:34.50,IMU,-19.53,12.21,-1013.18,-23.63,5.50,4.66,66.30,22.20,-85.95,26.5
2026/04/15 16:13:34.60,IMU,2.93,141.11,-1056.15,-14.14,2.96,0.51,66.30,22.65,-86.70,26.7
2026/04/15 16:13:34.70,IMU,-20.02,72.75,-1030.27,1.66,-0.85,3.99,66.15,25.20,-85.05,26.6
2026/04/15 16:13:34.80,IMU,-41.99,-49.32,-988.77,-15.95,2.37,1.05,66.00,24.60,-85.65,26.5
2026/04/15 16:13:34.90,IMU,-11.72,75.68,-1039.55,-27.64,5.69,2.47,66.30,26.55,-84.60,26.6
2026/04/15 16:13:35.00,IMU,-1.95,137.21,-1048.83,-9.05,-1.11,0.55,66.00,27.30,-83.55,26.7
2026/04/15 16:13:35.10,IMU,-21.48,13.67,-1004.39,0.30,-2.50,2.92,66.15,27.45,-86.25,26.7
2026/04/15 16:13:35.20,IMU,-26.86,-1.46,-985.35,-19.29,2.13,2.08,66.60,27.00,-84.45,26.6
2026/04/15 16:13:35.30,IMU,-1.46,125.49,-1050.78,-18.18,2.61,2.69,66.90,28.20,-85.80,26.8
2026/04/15 16:13:35.40,IMU,7.32,102.54,-1032.23,4.72,-4.05,2.85,67.80,29.10,-84.15,26.8
2026/04/15 16:13:35.50,IMU,-33.20,-12.70,-982.42,4.73,0.38,2.79,65.85,27.45,-83.70,26.7
2026/04/15 16:13:35.60,IMU,-23.44,57.62,-1030.76,-14.76,-0.48,1.79,68.40,30.15,-84.45,26.8
2026/04/15 16:13:35.70,IMU,2.44,152.34,-1041.02,-3.60,-1.63,0.94,66.30,29.55,-83.55,26.8
2026/04/15 16:13:35.80,IMU,-19.04,90.82,-1002.44,17.47,-0.54,4.25,67.20,29.40,-84.00,26.5
2026/04/15 16:13:35.90,IMU,-39.06,-9.77,-987.30,6.98,0.44,3.69,67.05,27.30,-85.65,26.6
2026/04/15 16:13:36.00,IMU,-12.21,77.15,-1022.95,-4.77,0.50,1.52,66.30,26.85,-83.55,26.4
2026/04/15 16:13:36.10,IMU,-12.70,155.76,-1056.64,15.41,-2.28,4.14,66.30,28.35,-84.60,26.6
2026/04/15 16:13:36.20,IMU,-30.27,30.27,-1000.49,26.56,-4.47,3.89,67.50,27.60,-84.60,26.6
2026/04/15 16:13:36.30,IMU,-14.16,6.84,-1011.23,5.40,1.81,2.93,66.00,24.90,-85.95,26.7
2026/04/15 16:13:36.40,IMU,-3.42,111.33,-1053.22,5.74,0.10,2.66,68.40,27.00,-86.25,26.6
2026/04/15 16:13:36.50,IMU,-2.93,113.28,-1049.32,28.71,1.01,2.41,67.95,25.95,-84.45,26.6
2026/04/15 16:13:36.60,IMU,-47.36,-18.55,-1012.70,21.51,-0.59,3.53,67.50,23.85,-85.35,26.7
2026/04/15 16:13:36.70,IMU,-19.04,25.39,-1013.18,-0.36,3.69,1.93,66.75,22.20,-85.35,26.6
2026/04/15 16:13:36.80,IMU,14.16,127.93,-1063.48,10.92,2.83,3.05,66.90,22.80,-86.25,26.4
2026/04/15 16:13:36.90,IMU,-21.00,45.90,-1010.25,25.86,-3.85,4.88,67.65,22.05,-85.50,26.5
2026/04/15 16:13:37.00,IMU,-54.20,-29.79,-983.89,5.92,1.69,2.39,66.15,20.10,-86.55,26.6
2026/04/15 16:13:37.11,IMU,-13.67,74.71,-1016.11,-5.61,6.48,1.99,66.30,20.70,-85.35,26.6
2026/04/15 16:13:37.21,IMU,0.00,111.33,-1036.62,10.18,1.90,1.88,67.20,20.10,-86.25,26.4
2026/04/15 16:13:37.31,IMU,-24.41,5.86,-994.63,13.44,0.25,1.85,68.40,20.10,-86.55,26.7
2026/04/15 16:13:37.41,IMU,-33.20,-19.04,-964.36,-10.69,4.05,2.79,67.20,19.05,-86.85,26.7
2026/04/15 16:13:37.51,IMU,-8.30,99.61,-1028.81,-12.75,4.68,1.37,66.90,21.00,-86.25,26.4
2026/04/15 16:13:37.61,IMU,-5.37,83.50,-1031.74,5.13,0.52,2.66,67.05,20.40,-86.70,26.6
2026/04/15 16:13:37.71,IMU,-26.86,-29.79,-968.75,-1.20,0.96,1.48,66.90,19.05,-87.60,26.4
2026/04/15 16:13:37.81,IMU,-24.90,22.46,-1020.51,-23.07,4.29,0.98,67.50,20.70,-85.65,26.4
2026/04/15 16:13:37.91,IMU,-8.30,134.28,-1062.99,-13.63,1.64,3.79,66.75,23.40,-86.40,26.4
2026/04/15 16:13:38.01,IMU,-13.18,50.78,-1014.16,0.85,0.35,2.90,67.50,22.20,-85.35,26.6
2026/04/15 16:13:38.11,IMU,-36.13,-26.37,-991.21,-12.86,6.15,3.56,66.75,23.10,-85.65,26.4
2026/04/15 16:13:38.21,IMU,-4.39,76.17,-1029.30,-26.31,4.18,4.99,67.80,23.85,-85.65,26.8
2026/04/15 16:13:38.31,IMU,1.46,132.32,-1049.32,-6.42,3.34,0.25,66.75,25.65,-85.35,26.6
2026/04/15 16:13:38.41,IMU,-31.25,17.58,-1004.88,-1.93,-0.19,-0.05,66.15,25.50,-85.50,26.4
2026/04/15 16:13:38.51,IMU,-16.11,5.37,-1002.44,-18.79,5.95,1.63,65.55,25.65,-84.60,26.5
2026/04/15 16:13:38.61,IMU,2.93,121.58,-1048.34,-15.34,2.98,1.16,66.75,26.10,-84.15,26.5
2026/04/15 16:13:38.71,IMU,5.86,104.00,-1029.79,4.19,-1.44,3.59,67.65,25.50,-84.75,26.6
2026/04/15 16:13:38.81,IMU,-31.25,-20.02,-990.23,3.80,0.06,1.81,67.20,25.20,-85.05,26.6
2026/04/15 16:13:38.91,IMU,-19.53,43.46,-1000.49,-11.92,2.22,1.18,66.15,25.95,-84.75,26.4
2026/04/15 16:13:39.01,IMU,13.67,136.23,-1040.53,2.53,0.14,1.37,67.20,26.25,-84.75,26.3
2026/04/15 16:13:39.11,IMU,-24.90,51.27,-1000.98,17.84,-5.08,3.55,67.95,25.95,-84.45,26.3
2026/04/15 16:13:39.21,IMU,-25.39,-28.81,-987.79,4.36,-1.12,0.59,67.05,26.85,-84.90,26.6
2026/04/15 16:13:39.31,IMU,-17.58,81.05,-1026.86,-1.17,1.23,1.18,68.55,26.10,-86.40,26.4
2026/04/15 16:13:39.41,IMU,3.42,117.19,-1041.02,17.45,-1.58,0.60,66.90,25.95,-85.50,26.5
2026/04/15 16:13:39.51,IMU,-22.46,18.55,-1006.84,24.28,-4.47,4.34,66.75,22.20,-82.05,26.3
2026/04/15 16:13:39.61,IMU,-16.11,25.39,-1015.14,2.95,-0.37,3.52,67.65,23.25,-85.50,26.6
2026/04/15 16:13:39.71,IMU,-10.74,127.44,-1065.43,9.47,0.95,5.35,67.65,23.25,-85.80,26.5
2026/04/15 16:13:39.81,IMU,-8.79,83.98,-1055.66,26.82,-1.34,4.27,68.85,21.45,-86.40,26.6
2026/04/15 16:13:39.91,IMU,-24.41,-10.74,-1011.23,21.18,-2.36,4.21,68.25,19.95,-86.40,26.4
2026/04/15 16:13:40.01,IMU,-20.02,50.78,-1015.14,1.84,2.81,3.05,67.95,20.55,-86.85,26.6
2026/04/15 16:13:40.11,IMU,-2.44,126.95,-1063.96,13.31,1.04,2.09,68.25,21.15,-86.70,26.4
2026/04/15 16:13:40.21,IMU,-17.58,30.76,-1014.65,22.05,-2.68,4.48,67.80,19.20,-85.95,26.4
2026/04/15 16:13:40.31,IMU,-13.18,-18.55,-980.96,5.33,1.56,2.95,68.85,17.70,-87.75,26.5
2026/04/15 16:13:40.41,IMU,-18.55,67.87,-1010.74,-6.09,1.80,2.15,69.45,19.05,-87.30,26.6
2026/04/15 16:13:40.51,IMU,7.32,107.42,-1049.80,9.74,-0.42,1.45,65.40,14.85,-82.95,26.6
2026/04/15 16:13:40.61,IMU,-36.62,-12.21,-987.30,11.86,-0.53,3.02,70.05,16.50,-84.90,26.5
2026/04/15 16:13:40.71,IMU,-27.83,1.95,-981.45,-9.19,6.64,2.16,67.80,17.25,-85.95,26.6
2026/04/15 16:13:40.81,IMU,0.98,97.66,-1033.69,-11.60,5.91,2.45,68.40,17.55,-86.85,26.1
2026/04/15 16:13:40.91,IMU,-8.79,86.91,-1031.74,3.75,1.54,3.20,67.20,21.00,-86.55,26.5
2026/04/15 16:13:41.01,IMU,-31.25,-18.07,-986.33,-1.75,3.00,-1.09,66.90,17.85,-85.80,26.4
2026/04/15 16:13:41.11,IMU,-24.41,39.55,-1021.00,-21.22,7.60,3.11,68.70,17.55,-86.25,26.6
2026/04/15 16:13:41.21,IMU,-6.84,107.42,-1047.85,-9.71,6.03,-0.50,68.40,19.05,-86.55,26.3
2026/04/15 16:13:41.32,IMU,-17.09,55.18,-1020.51,-0.27,2.75,3.83,67.80,19.65,-85.95,26.5
2026/04/15 16:13:41.42,IMU,-26.86,-15.63,-997.56,-15.18,4.27,0.59,67.80,20.70,-86.40,26.4
2026/04/15 16:13:41.53,IMU,-21.00,112.30,-1040.53,-22.80,4.47,1.86,67.80,19.95,-85.35,26.4
2026/04/15 16:13:41.63,IMU,0.98,104.00,-1041.50,-1.56,1.74,2.97,68.70,22.80,-85.80,26.5
2026/04/15 16:13:41.73,IMU,-14.16,2.44,-994.14,-3.27,0.61,0.36,66.00,23.85,-85.65,26.3
2026/04/15 16:13:41.83,IMU,-29.30,31.25,-1013.67,-19.08,4.60,2.85,66.60,23.55,-85.80,26.4
2026/04/15 16:13:41.93,IMU,-9.77,122.56,-1034.18,-10.19,5.63,3.66,66.60,24.00,-84.00,26.6
2026/04/15 16:13:42.03,IMU,-18.07,93.75,-1019.53,6.82,-0.69,-0.14,66.30,24.90,-85.95,26.3
2026/04/15 16:13:42.13,IMU,-31.25,-0.49,-977.05,-0.22,-0.49,2.98,67.05,23.85,-85.35,26.4
2026/04/15 16:13:42.23,IMU,-13.18,54.69,-1014.16,-12.62,0.40,3.54,67.65,24.45,-86.55,26.2
2026/04/15 16:13:42.33,IMU,-21.00,130.86,-1032.71,7.66,-1.73,4.46,67.80,24.15,-85.35,26.4
2026/04/15 16:13:42.43,IMU,-15.14,50.29,-997.56,17.95,-3.96,2.05,68.25,24.60,-85.95,26.3
2026/04/15 16:13:42.53,IMU,-29.30,0.49,-992.19,3.14,-0.31,2.21,68.55,23.40,-84.90,26.3
2026/04/15 16:13:42.63,IMU,4.88,102.54,-1031.25,2.37,-3.77,2.61,67.80,23.85,-85.35,26.4
2026/04/15 16:13:42.73,IMU,4.39,97.66,-1039.55,20.13,-5.21,1.85,69.60,23.85,-84.90,26.6
2026/04/15 16:13:42.83,IMU,-40.04,2.93,-1005.37,20.81,-4.07,3.03,67.95,22.50,-86.25,26.3
2026/04/15 16:13:42.93,IMU,-21.00,29.79,-1019.04,6.05,1.02,2.38,67.95,22.05,-85.50,26.5
2026/04/15 16:13:43.03,IMU,1.95,103.03,-1044.92,8.77,0.37,2.52,68.85,22.20,-84.90,26.6
2026/04/15 16:13:43.13,IMU,-8.30,74.71,-1018.55,25.42,-6.83,3.89,69.30,19.65,-85.95,26.1
2026/04/15 16:13:43.23,IMU,-29.30,-8.79,-1012.21,14.50,-4.95,3.90,68.70,18.60,-86.85,26.4
2026/04/15 16:13:43.33,IMU,-8.79,68.36,-1023.93,3.61,0.41,1.70,69.45,19.80,-88.05,26.3
2026/04/15 16:13:43.43,IMU,1.95,97.17,-1040.53,14.26,-0.53,3.18,69.60,16.50,-87.15,26.4
2026/04/15 16:13:43.53,IMU,-23.93,16.60,-1000.49,19.55,-4.60,0.94,70.05,16.50,-86.70,26.3
2026/04/15 16:13:43.63,IMU,-36.62,-9.77,-984.86,2.78,1.47,-0.34,69.45,16.80,-86.25,26.3
2026/04/15 16:13:43.73,IMU,-23.93,92.29,-1015.14,-4.91,2.89,0.51,68.55,17.70,-87.15,26.3
2026/04/15 16:13:43.83,IMU,1.95,90.82,-1015.14,9.47,2.14,2.50,67.20,15.90,-85.50,26.3
2026/04/15 16:13:43.93,IMU,-26.37,3.42,-988.28,8.38,3.91,2.39,70.95,16.35,-87.30,26.3
2026/04/15 16:13:44.03,IMU,-36.62,18.07,-1000.98,-11.34,5.74,3.34,69.45,15.90,-86.85,26.4
2026/04/15 16:13:44.13,IMU,-8.79,106.93,-1028.81,-10.12,5.50,-0.03,68.55,16.95,-85.35,26.3
2026/04/15 16:13:44.23,IMU,-18.07,62.99,-1016.11,4.53,3.33,1.73,69.30,18.45,-87.45,26.4
2026/04/15 16:13:44.33,IMU,-36.13,-25.88,-986.33,-7.34,7.66,1.39,70.20,17.85,-86.55,26.4
2026/04/15 16:13:44.43,IMU,-10.74,66.41,-1024.41,-20.85,7.56,-0.09,67.65,17.55,-85.05,26.4
2026/04/15 16:13:44.53,IMU,-4.39,107.91,-1049.80,-9.62,6.05,0.93,67.20,17.85,-87.30,26.6
2026/04/15 16:13:44.63,IMU,-29.30,31.25,-1020.51,-3.41,3.61,1.79,68.40,20.10,-86.25,26.4
2026/04/15 16:13:44.73,IMU,-8.30,5.37,-999.02,-16.27,8.72,1.04,68.85,19.95,-87.45,26.3
2026/04/15 16:13:44.83,IMU,-10.25,93.75,-1043.95,-18.44,8.05,2.05,66.75,21.15,-86.40,26.1
2026/04/15 16:13:44.93,IMU,-14.65,98.63,-1033.20,-4.15,3.69,3.11,68.70,19.35,-85.80,26.4
2026/04/15 16:13:45.03,IMU,-19.53,11.72,-1003.42,-2.90,3.40,-0.20,69.30,22.20,-85.95,26.5
2026/04/15 16:13:45.13,IMU,-25.88,54.20,-1002.44,-15.02,4.70,0.75,68.85,21.90,-86.40,26.3
2026/04/15 16:13:45.23,IMU,0.49,124.51,-1040.53,-6.98,1.66,1.54,67.80,22.65,-84.90,26.0
2026/04/15 16:13:45.33,IMU,-7.81,71.29,-1007.32,8.27,-1.19,1.05,67.80,23.40,-84.90,26.3
2026/04/15 16:13:45.43,IMU,-24.41,4.88,-979.49,-0.94,1.40,0.37,68.55,22.65,-84.90,26.4
2026/04/15 16:13:45.53,IMU,-14.16,67.38,-1011.23,-8.24,0.01,0.47,68.70,22.80,-85.05,26.1
2026/04/15 16:13:45.64,IMU,-0.98,127.93,-1033.69,7.06,-1.31,4.48,66.90,22.50,-86.25,26.4
2026/04/15 16:13:45.74,IMU,-13.18,28.32,-1014.65,18.33,-5.08,1.05,67.50,21.45,-84.90,26.5
2026/04/15 16:13:45.84,IMU,-20.02,8.30,-1002.44,2.95,-1.26,0.60,68.40,22.05,-86.25,26.3
2026/04/15 16:13:45.94,IMU,-21.48,104.00,-1033.69,2.35,-0.60,2.28,68.55,21.45,-85.65,26.4
2026/04/15 16:13:46.04,IMU,-9.28,87.40,-1041.50,16.96,-5.07,1.42,67.80,20.40,-85.65,26.6
2026/04/15 16:13:46.14,IMU,-11.72,9.28,-1008.30,18.16,-6.60,2.26,68.25,19.20,-85.35,26.3
2026/04/15 16:13:46.24,IMU,-19.53,42.48,-1021.48,6.16,-0.69,2.98,69.45,20.10,-85.05,26.3
2026/04/15 16:13:46.34,IMU,-15.14,110.84,-1055.66,9.26,-5.53,1.08,68.85,19.95,-86.40,26.3
2026/04/15 16:13:46.44,IMU,-6.35,65.92,-1032.71,23.90,-4.47,1.87,69.60,18.90,-87.75,26.3
2026/04/15 16:13:46.54,IMU,-34.18,-13.67,-998.54,13.56,-3.08,2.98,70.05,17.25,-85.35,26.3
2026/04/15 16:13:46.64,IMU,-12.70,63.96,-1019.53,2.26,-1.31,2.25,71.55,17.25,-86.40,26.3
2026/04/15 16:13:46.74,IMU,-20.02,106.93,-1026.37,14.40,-2.27,2.46,68.70,15.15,-87.30,26.2
2026/04/15 16:13:46.84,IMU,-35.16,30.27,-1001.46,15.08,-4.44,2.37,68.85,15.45,-86.40,26.4
2026/04/15 16:13:46.94,IMU,-27.34,-6.84,-991.21,0.27,1.30,2.61,69.15,14.40,-87.60,26.3
2026/04/15 16:13:47.04,IMU,-23.44,84.96,-1012.70,-1.72,2.47,0.04,69.15,15.60,-86.55,26.3
2026/04/15 16:13:47.14,IMU,-21.48,84.47,-1019.04,7.36,0.47,0.95,70.65,14.85,-86.85,26.4
2026/04/15 16:13:47.24,IMU,-37.11,4.88,-986.33,6.19,2.10,-0.17,69.90,14.40,-87.60,26.1
2026/04/15 16:13:47.34,IMU,-35.64,25.39,-993.65,-11.47,6.60,0.64,69.90,14.85,-87.30,26.4
2026/04/15 16:13:47.44,IMU,-7.81,92.77,-1033.69,-6.76,6.56,1.63,67.95,17.10,-86.55,26.1
2026/04/15 16:13:47.54,IMU,-15.14,62.50,-1008.30,2.42,3.14,3.15,68.85,16.50,-86.40,26.4
2026/04/15 16:13:47.64,IMU,-35.64,-1.95,-1005.86,-10.07,4.07,0.87,69.45,16.35,-86.55,26.3
2026/04/15 16:13:47.74,IMU,-18.55,63.96,-1025.39,-17.60,7.40,-0.98,68.85,19.20,-85.95,26.3
2026/04/15 16:13:47.84,IMU,-4.39,118.16,-1041.02,-9.37,5.91,0.34,68.25,17.25,-87.15,26.4
2026/04/15 16:13:47.94,IMU,-11.72,22.95,-1026.86,-2.37,6.19,0.08,68.85,17.70,-85.65,26.3
2026/04/15 16:13:48.04,IMU,-8.79,16.11,-1011.72,-16.44,5.23,-2.50,67.95,18.60,-85.80,26.1
2026/04/15 16:13:48.14,IMU,-6.84,100.59,-1051.27,-18.02,4.76,-0.11,67.95,21.30,-85.50,26.3
2026/04/15 16:13:48.24,IMU,-5.86,84.47,-1035.16,-0.66,2.07,1.27,67.95,22.05,-85.50,26.2
2026/04/15 16:13:48.34,IMU,-40.53,13.67,-996.58,-3.63,2.83,1.36,68.55,19.95,-86.40,26.3
2026/04/15 16:13:48.44,IMU,-18.07,51.27,-999.02,-13.54,7.96,0.90,69.90,21.30,-86.25,26.3
2026/04/15 16:13:48.54,IMU,-3.91,120.61,-1032.23,-6.66,1.55,1.03,69.15,22.50,-85.50,26.3
2026/04/15 16:13:48.64,IMU,-18.55,73.73,-1014.65,6.84,-1.86,-1.60,66.60,20.55,-82.65,26.3
2026/04/15 16:13:48.74,IMU,-10.74,10.25,-990.72,-0.83,0.03,-1.98,69.60,20.70,-86.70,26.3
2026/04/15 16:13:48.84,IMU,-12.21,68.85,-1011.72,-7.68,-0.41,-1.31,68.40,21.75,-85.80,26.3
2026/04/15 16:13:48.94,IMU,2.44,119.63,-1033.20,9.39,-6.18,0.74,67.95,21.75,-84.75,26.3
2026/04/15 16:13:49.04,IMU,-25.39,46.88,-1000.00,14.89,-4.24,2.25,68.70,22.80,-84.75,26.0
2026/04/15 16:13:49.14,IMU,-15.63,29.30,-1009.77,3.05,-2.84,-0.88,67.65,21.75,-84.75,26.1
2026/04/15 16:13:49.24,IMU,6.35,99.12,-1042.97,2.44,-4.60,-0.16,69.30,21.90,-84.90,26.3
2026/04/15 16:13:49.34,IMU,6.35,102.05,-1041.99,17.61,-4.61,1.16,68.70,22.05,-84.75,26.4
2026/04/15 16:13:49.44,IMU,-28.81,24.41,-1010.74,16.10,-4.72,-0.83,68.70,20.10,-86.25,26.3
2026/04/15 16:13:49.54,IMU,-28.81,38.57,-1014.65,6.10,-1.68,0.67,69.45,18.30,-86.25,26.3
2026/04/15 16:13:49.64,IMU,-8.79,111.82,-1050.78,11.57,-5.05,0.82,66.15,15.90,-81.15,26.3
2026/04/15 16:13:49.74,IMU,-10.74,56.15,-1022.95,24.02,-4.85,1.11,69.90,19.05,-86.85,26.3
2026/04/15 16:13:49.84,IMU,-33.20,4.39,-985.35,8.67,-2.73,-0.87,69.60,16.95,-85.95,26.2
2026/04/15 16:13:49.94,IMU,-26.37,62.99,-1023.44,3.07,0.47,0.09,68.55,16.95,-87.15,26.3
2026/04/15 16:13:50.05,IMU,-10.25,103.52,-1013.18,14.21,-1.08,0.37,69.90,16.35,-87.30,26.2
2026/04/15 16:13:50.15,IMU,-25.88,22.46,-992.68,15.39,-2.95,4.37,70.35,15.75,-87.45,26.1
2026/04/15 16:13:50.25,IMU,-26.37,1.95,-1015.14,-2.72,0.73,-2.40,70.05,16.20,-86.70,26.1
2026/04/15 16:13:50.35,IMU,-25.39,83.50,-1024.41,-1.55,4.02,-0.29,70.20,16.35,-87.30,26.1
2026/04/15 16:13:50.45,IMU,-12.21,77.64,-1038.09,6.73,3.41,1.98,69.30,14.25,-86.70,26.1
2026/04/15 16:13:50.55,IMU,-29.79,-9.28,-993.16,3.91,2.72,-0.18,70.80,14.25,-86.70,26.3
2026/04/15 16:13:50.65,IMU,-14.16,28.81,-1001.95,-11.41,9.15,2.76,66.75,13.05,-82.05,26.2
2026/04/15 16:13:50.76,IMU,-14.65,100.10,-1033.20,-6.48,3.40,0.91,70.20,15.90,-87.60,26.4
2026/04/15 16:13:50.86,IMU,-11.23,53.22,-1013.18,0.87,4.42,2.49,69.30,17.70,-86.70,26.1
2026/04/15 16:13:50.96,IMU,-19.53,-1.46,-998.05,-9.42,6.83,-0.95,69.30,16.95,-86.40,26.2
2026/04/15 16:13:51.06,IMU,1.46,65.92,-1032.23,-15.36,7.66,1.20,68.25,18.45,-87.15,26.1
2026/04/15 16:13:51.16,IMU,-7.81,91.31,-1041.50,-7.12,4.17,-1.34,68.40,19.35,-87.30,26.3
2026/04/15 16:13:51.26,IMU,-31.74,19.04,-1006.35,-4.03,1.89,-0.08,68.40,19.80,-88.05,26.4
2026/04/15 16:13:51.36,IMU,-11.72,28.81,-1012.70,-17.66,7.11,-0.82,70.20,18.60,-87.30,26.3
2026/04/15 16:13:51.46,IMU,4.88,99.12,-1035.64,-16.44,7.58,-1.47,67.95,21.30,-86.25,26.3
2026/04/15 16:13:51.56,IMU,-13.67,83.50,-1035.64,-1.13,2.92,-1.32,69.30,21.75,-85.05,26.2
2026/04/15 16:13:51.66,IMU,-21.00,22.95,-986.82,-4.56,3.27,0.56,68.25,20.70,-85.35,26.3
2026/04/15 16:13:51.76,IMU,-17.09,49.32,-1013.67,-12.06,4.21,-0.26,68.25,22.20,-85.35,26.3
2026/04/15 16:13:51.86,IMU,11.23,109.86,-1028.81,-3.12,1.51,-1.42,67.95,24.00,-84.45,26.3
2026/04/15 16:13:51.96,IMU,-15.14,58.59,-996.58,7.47,-0.56,0.36,67.50,21.90,-86.70,26.4
2026/04/15 16:13:52.06,IMU,-26.37,27.34,-985.35,-1.06,0.07,0.48,69.30,22.20,-85.35,26.4
2026/04/15 16:13:52.16,IMU,-15.14,67.38,-1015.63,-5.03,0.27,1.30,67.80,22.65,-86.70,26.0
2026/04/15 16:13:52.26,IMU,-6.35,104.00,-1021.00,9.78,-3.40,-1.21,67.80,22.65,-84.15,26.1
2026/04/15 16:13:52.36,IMU,-19.04,26.86,-1005.37,14.10,-3.31,-0.84,68.85,21.90,-85.95,26.3
2026/04/15 16:13:52.46,IMU,-29.79,39.55,-1014.16,4.45,-2.05,-0.07,67.65,21.75,-84.75,26.1
2026/04/15 16:13:52.56,IMU,-16.60,97.17,-1029.30,5.32,-4.37,-0.16,68.40,21.30,-85.80,26.3
2026/04/15 16:13:52.66,IMU,-11.23,85.94,-1032.71,19.83,-5.27,2.38,68.25,21.15,-85.95,26.3
2026/04/15 16:13:52.76,IMU,-30.76,21.97,-1009.77,17.11,-5.55,-0.37,69.15,18.60,-86.25,26.3
2026/04/15 16:13:52.86,IMU,-16.11,44.43,-1015.14,5.07,-2.68,-1.65,67.80,19.95,-85.65,26.3
2026/04/15 16:13:52.96,IMU,-13.18,101.56,-1047.36,12.69,-1.42,-0.40,70.20,18.60,-86.85,26.2
2026/04/15 16:13:53.06,IMU,-32.23,43.46,-1032.23,22.23,-3.87,-0.96,68.70,18.30,-87.60,26.2
2026/04/15 16:13:53.16,IMU,-22.46,6.35,-997.07,9.88,0.85,0.11,68.70,16.80,-85.80,26.3
2026/04/15 16:13:53.26,IMU,-8.30,66.89,-1024.90,4.41,-1.03,-1.04,68.70,17.10,-87.30,26.0
2026/04/15 16:13:53.36,IMU,-8.30,78.61,-1025.39,12.57,-1.99,-0.45,68.40,16.35,-86.25,26.1
2026/04/15 16:13:53.46,IMU,-20.51,20.02,-989.26,12.56,-1.34,-0.95,69.60,15.00,-87.75,26.2
2026/04/15 16:13:53.56,IMU,-30.27,8.30,-990.23,-3.47,5.98,-1.94,69.15,15.15,-87.60,26.0
2026/04/15 16:13:53.66,IMU,-6.35,83.01,-1020.02,-1.66,3.20,-1.90,68.70,14.85,-86.25,26.1
2026/04/15 16:13:53.76,IMU,-19.04,63.96,-1012.21,5.18,2.97,-1.87,68.85,16.20,-87.45,26.2
2026/04/15 16:13:53.86,IMU,-33.20,-8.30,-970.70,-2.63,3.26,1.98,68.40,15.15,-85.05,25.9
2026/04/15 16:13:53.96,IMU,-25.39,38.09,-1004.88,-15.59,4.47,0.02,68.25,15.75,-86.40,26.3
2026/04/15 16:13:54.06,IMU,-3.91,84.96,-1040.04,-7.02,5.62,2.02,69.15,17.85,-86.25,26.1
2026/04/15 16:13:54.16,IMU,-16.11,39.55,-1013.18,-0.40,5.27,1.11,68.70,17.10,-86.55,26.3
2026/04/15 16:13:54.26,IMU,-33.69,2.44,-1001.95,-11.72,5.45,-0.03,68.85,16.95,-86.40,26.3
2026/04/15 16:13:54.36,IMU,-16.60,69.34,-1032.71,-18.21,7.53,0.05,68.55,18.90,-86.70,25.9
2026/04/15 16:13:54.46,IMU,-1.46,105.47,-1037.11,-6.92,4.31,-2.21,68.25,19.65,-86.70,26.3
2026/04/15 16:13:54.56,IMU,-23.44,23.44,-1011.23,-5.39,4.82,0.68,67.65,19.35,-86.55,26.2
2026/04/15 16:13:54.66,IMU,-20.02,37.60,-993.65,-14.72,4.84,-1.61,67.50,19.95,-87.15,26.2
2026/04/15 16:13:54.76,IMU,-5.37,101.56,-1032.71,-13.15,4.17,0.04,69.15,22.50,-85.80,26.1
2026/04/15 16:13:54.86,IMU,-12.70,77.64,-1030.27,-1.05,-0.34,-1.87,67.65,22.05,-86.25,26.3
2026/04/15 16:13:54.96,IMU,-16.60,19.04,-1000.49,-4.55,1.97,-2.24,68.85,22.20,-84.90,26.2
2026/04/15 16:13:55.06,IMU,-4.88,52.25,-1012.70,-12.35,4.30,0.03,67.95,23.25,-84.45,26.3
2026/04/15 16:13:55.16,IMU,13.18,103.52,-1020.02,-0.78,-1.92,-1.58,67.50,23.85,-85.95,25.9
2026/04/15 16:13:55.27,IMU,-17.58,61.04,-1010.25,7.62,-2.02,-2.57,67.95,23.55,-85.05,26.3
2026/04/15 16:13:55.37,IMU,-31.25,22.95,-1006.35,-0.05,-0.41,-0.50,68.55,22.65,-85.35,26.2
2026/04/15 16:13:55.47,IMU,-12.21,87.89,-1018.55,-1.95,-0.12,-3.58,69.60,23.40,-84.90,25.9
2026/04/15 16:13:55.57,IMU,-1.95,90.33,-1021.48,11.65,-3.81,0.73,68.25,23.85,-84.60,26.3
2026/04/15 16:13:55.67,IMU,-25.88,30.76,-995.12,15.69,-3.44,-1.36,68.40,22.80,-84.00,26.1
2026/04/15 16:13:55.77,IMU,-17.09,23.93,-1005.86,2.62,-1.82,-2.68,68.70,21.75,-85.50,26.1
2026/04/15 16:13:55.87,IMU,2.44,101.07,-1024.90,7.30,0.05,2.43,69.15,22.80,-85.05,25.9
2026/04/15 16:13:55.97,IMU,-10.74,76.66,-1033.69,20.41,-5.73,-0.13,68.55,20.70,-86.40,25.9
2026/04/15 16:13:56.07,IMU,-38.09,17.58,-1009.77,15.53,-2.73,-0.16,68.70,21.00,-85.80,26.2
2026/04/15 16:13:56.17,IMU,-18.55,54.69,-1024.90,6.61,2.59,1.57,69.30,19.95,-85.95,26.1
2026/04/15 16:13:56.27,IMU,-18.07,111.33,-1037.60,13.35,-2.92,-1.85,67.80,19.95,-86.40,25.9
2026/04/15 16:13:56.37,IMU,-26.37,36.13,-1027.83,18.52,-2.55,-1.33,68.55,19.95,-87.75,26.1
2026/04/15 16:13:56.47,IMU,-23.44,11.23,-992.68,8.63,-1.88,-2.97,68.55,18.00,-87.15,26.0
2026/04/15 16:13:56.57,IMU,-12.70,68.36,-1029.79,3.48,0.81,0.75,68.40,18.30,-86.85,26.2
2026/04/15 16:13:56.67,IMU,-22.46,81.05,-1027.83,11.61,-1.57,-1.24,68.70,17.85,-86.85,26.3
2026/04/15 16:13:56.77,IMU,-25.88,21.97,-966.80,10.10,2.88,-1.24,70.05,16.50,-85.65,26.1
2026/04/15 16:13:56.87,IMU,-18.55,43.95,-996.58,-1.68,4.11,1.38,68.85,16.20,-85.95,26.1
2026/04/15 16:13:56.97,IMU,-12.70,100.10,-1017.58,-3.44,2.27,-0.92,67.80,17.70,-85.65,26.1
2026/04/15 16:13:57.07,IMU,-14.16,63.96,-1009.77,3.50,4.39,-0.02,69.15,15.90,-86.25,25.9
2026/04/15 16:13:57.17,IMU,-27.83,5.37,-993.65,-0.96,5.28,-2.58,70.20,18.30,-86.55,26.1
2026/04/15 16:13:57.27,IMU,-26.37,42.48,-1003.91,-13.94,6.44,-3.53,67.80,16.20,-85.95,26.3
2026/04/15 16:13:57.37,IMU,-0.98,91.80,-1029.30,-5.80,5.34,-3.68,67.50,18.90,-85.65,25.9
2026/04/15 16:13:57.47,IMU,-22.95,43.95,-1023.93,-2.31,2.88,-3.01,69.45,19.80,-85.80,26.0
2026/04/15 16:13:57.57,IMU,-32.23,9.77,-1011.72,-13.31,5.89,-2.11,67.50,19.20,-85.95,26.1
2026/04/15 16:13:57.67,IMU,-23.93,71.29,-1033.69,-16.25,6.47,-2.35,68.70,21.00,-85.80,25.9
2026/04/15 16:13:57.77,IMU,-33.69,88.38,-1043.95,-8.00,0.96,-3.14,65.55,19.95,-82.35,26.1
2026/04/15 16:13:57.87,IMU,-24.41,32.71,-1006.35,-7.60,2.30,-1.37,67.95,20.10,-85.50,26.2
2026/04/15 16:13:57.97,IMU,-25.39,33.20,-1010.25,-17.15,3.31,-4.15,67.65,22.80,-85.05,26.3
2026/04/15 16:13:58.07,IMU,1.95,91.31,-1033.69,-12.40,2.68,-3.58,65.85,22.50,-85.80,26.1
2026/04/15 16:13:58.17,IMU,-0.49,59.57,-1014.65,-0.47,0.67,-0.21,68.70,24.00,-85.05,26.1
2026/04/15 16:13:58.27,IMU,-23.93,27.34,-1012.70,-3.99,1.57,-0.85,67.20,24.00,-84.75,26.3
2026/04/15 16:13:58.37,IMU,-20.02,62.50,-1004.39,-10.60,1.73,-0.28,66.75,23.85,-85.35,26.0
2026/04/15 16:13:58.47,IMU,-5.86,101.07,-1023.93,-0.28,0.21,0.13,69.15,25.95,-84.75,26.0
2026/04/15 16:13:58.57,IMU,-14.65,52.25,-1000.00,7.94,-0.49,-1.02,65.55,25.35,-83.85,25.9
2026/04/15 16:13:58.67,IMU,-6.35,24.90,-1000.98,0.04,-0.71,-1.12,67.65,24.45,-86.25,26.0
2026/04/15 16:13:58.77,IMU,-19.04,86.91,-1020.51,-0.53,-0.42,0.09,63.60,21.30,-78.90,26.2
2026/04/15 16:13:58.87,IMU,-12.70,97.66,-1031.74,11.34,-1.11,-2.65,67.95,24.75,-85.05,26.1
2026/04/15 16:13:58.97,IMU,25.88,69.82,-1000.49,17.28,-4.89,0.35,68.25,25.35,-85.65,26.1
2026/04/15 16:13:59.07,IMU,-10.25,98.14,-1048.34,18.92,-11.30,13.13,68.85,21.90,-85.65,26.1
2026/04/15 16:13:59.17,IMU,30.27,140.63,-1032.71,22.05,2.53,30.08,68.70,22.50,-86.25,26.0
2026/04/15 16:13:59.27,IMU,-20.51,78.61,-1035.16,12.05,1.74,35.64,69.15,18.30,-85.50,25.9
2026/04/15 16:13:59.37,IMU,-21.48,105.96,-1021.97,-0.14,-0.25,31.15,71.25,20.55,-85.80,25.9
2026/04/15 16:13:59.47,IMU,-126.95,67.38,-1042.48,9.02,-24.60,3.04,70.80,18.45,-86.70,26.1
2026/04/15 16:13:59.57,IMU,-96.19,76.17,-1023.93,-9.35,7.09,20.40,71.85,16.95,-87.75,26.1
2026/04/15 16:13:59.67,IMU,49.80,128.42,-979.98,3.42,18.00,40.24,70.35,16.50,-86.40,25.9
2026/04/15 16:13:59.78,IMU,-8.79,47.36,-1062.99,6.19,9.73,26.49,68.70,11.70,-81.15,26.0
2026/04/15 16:13:59.88,IMU,-18.55,72.27,-1000.00,3.32,-2.30,-0.85,71.85,16.50,-85.35,25.9
2026/04/15 16:13:59.98,IMU,-7.81,48.83,-974.61,5.34,-9.07,-15.70,72.90,16.50,-85.95,26.1
2026/04/15 16:14:00.08,IMU,-62.50,31.25,-1011.23,-5.42,-8.47,-19.06,71.25,15.90,-86.55,26.1
2026/04/15 16:14:00.18,IMU,-28.32,95.70,-1018.07,-2.40,9.66,-8.01,70.35,16.50,-85.95,25.9
2026/04/15 16:14:00.28,IMU,-8.79,63.96,-1020.02,1.37,15.66,-1.97,70.95,17.10,-86.25,26.0
2026/04/15 16:14:00.38,IMU,3.91,43.95,-1019.53,-3.23,4.89,-0.39,69.30,17.25,-86.40,26.1
2026/04/15 16:14:00.48,IMU,-202.15,105.96,-741.21,-48.80,-25.80,-30.37,69.90,20.10,-87.30,26.0
2026/04/15 16:14:00.58,IMU,-35.16,298.34,-1114.75,7.24,6.08,-51.23,66.60,30.15,-89.85,26.1
2026/04/15 16:14:00.69,IMU,-77.64,241.70,-1317.87,85.56,32.69,-18.48,72.30,35.70,-73.35,26.1
2026/04/15 16:14:00.79,IMU,292.48,-58.59,-985.84,50.18,34.47,-48.47,75.90,25.65,-59.25,26.0
